x,y
1.1237019642187478e-13,4.1802896616165297e-38
1.0154999998111105,2.177928931785306e-10
2.035499999760003,9.898997256769243e-10
3.0554999996188354,2.452747468202735e-09
4.075499580903869,-0.000414922021366897
5.095446608011552,-0.010191085639038769
6.115244221462705,-0.03035300865972416
7.134867444311499,-0.05800575832295408
8.153938025775005,-0.10106489174911441
9.17196110024084,-0.16423666238959583
10.187127693497922,-0.26263688140560887
11.198133450510444,-0.3975004080079766
12.20536809628067,-0.5582432927203999
13.209391500619052,-0.737986548929066
14.209164857886003,-0.9400051004612925
15.20501422666422,-1.1606017898323608
16.197858927322635,-1.394372398116565
17.188458236439445,-1.6374929206400666
18.177405486021172,-1.8872539915033526
19.165149681189657,-2.141733882117104
20.152023880208887,-2.399568346974402
21.13827194235219,-2.6597882604460508
22.124070869386163,-2.921704840469683
23.109548375115267,-3.1848283746865724
24.094796233057064,-3.4488105939976976
25.079880202334866,-3.713403772335108
26.064847307485035,-3.9784316763358856
27.0497311284768,-4.243768920495351
28.034555620699,-4.509326289962333
29.019337861472245,-4.775040302992019
30.00409001879106,-5.0408657868722875
30.988820759561555,-5.306770596515843
31.97353625541043,-5.572731856928822
32.95824090031046,-5.838733289662563
33.94293782221151,-6.104763310436458
34.92762924761396,-6.370813675440224
35.91231676125702,-6.636878518040504
36.89700149104596,-6.902953663286255
37.88168423970705,-7.169036140091162
38.866365578550834,-7.435123834097642
39.851045914162725,-7.701215240628108
40.83572553589504,-7.96730928888156
41.820404649669285,-8.233405216824403
42.80508340203179,-8.499502482156597
43.7897618972729,-8.765600698950998
44.774440209611534,-9.031699592563001
45.75911839186563,-9.297798967542041
46.74379648162341,-9.56389868479593
47.72847450563449,-9.829998645339856
48.71315248293515,-10.096098778731315
49.69783042707249,-10.362199034839964
50.68250834770019,-10.628299377994022
51.66718625167287,-10.894399782803573
52.65186414386675,-11.160500231199421
53.63654202773838,-11.42660071031891
54.62121990578414,-11.692701211018283
55.6058977797672,-11.958801726786675
56.59057565093184,-12.224902252987835
57.57525352015782,-12.491002786320848
58.55993138808421,-12.757103324440106
59.544609255168275,-13.023203865677045
60.529287121731016,-13.289304408843021
61.513964988001085,-13.555404953092198
62.49864285414107,-13.821505497822606
63.48332072026677,-14.087606042605863
64.46799858646055,-14.35370658713714
65.45267645278112,-14.619807131199464
66.43735431927011,-14.88590767463847
67.42203218595724,-15.15200821734427
68.40671005286362,-15.418108759238661
69.39138792000462,-15.684209300266108
70.37606578743748,-15.950309840399608
71.3607436550765,-16.216410379585735
72.34542152294377,-16.482510917808977
73.33009939107257,-16.74861145506295
74.31477725949459,-17.014711991345386
75.2994551281841,-17.280812526641547
76.28413299714164,-17.546913060946036
77.26881086636814,-17.81301359425519
78.25348873586539,-18.079114126566687
79.23816660563324,-18.345214657878508
80.22284447567161,-18.611315188189213
81.20752234598076,-18.87741571749787
82.19220021656092,-19.1435162458038
83.17687808741216,-19.409616773106535
84.16155595853459,-19.675717299405733
85.14623382993786,-19.94181782470374
86.13091170161742,-20.207918348999193
87.11558957356829,-20.47401887229082
88.10026744571346,-20.740119394557748
89.0849453182098,-21.00621991584231
90.06962319097752,-21.272320436122826
91.05430106400067,-21.538420955394926
92.03897893723367,-21.804521473646226
93.02365681078952,-22.07062199090718
94.00833468462439,-22.336722507165916
94.99301255873152,-22.60282302242058
95.97769043311007,-22.86892353667092
96.96236830776003,-23.135024049916918
97.9470461826814,-23.401124562158568
98.9317240578742,-23.667225073395873
99.91640193333842,-23.933325583628807
100.90107980907405,-24.199426092857372
101.88575768508109,-24.465526601081574
102.87043556135954,-24.731627108301392
103.85511343801912,-24.997727614546488
104.83979131485894,-25.26382811976264
105.82446919189913,-25.529928623955303
106.80914706917524,-25.796029127134084
107.79382494680306,-26.06212962933024
108.77850282470706,-26.32823013052332
109.76337898599428,-26.59359241685726
110.75152769371812,-26.846456136395204
111.74301407325692,-27.085921337291268
112.73676396044941,-27.315824581126687
113.73206795520224,-27.53890997177667
114.72844916265194,-27.757137004316
115.7255823836795,-27.97190339906148
116.72324338321796,-28.18420544252083
117.72127623070709,-28.39475293541014
118.71957180609768,-28.60405140327894
119.7180533904526,-28.812460801670614
120.71666686111752,-29.020237392535694
121.71537394202213,-29.22756359480035
122.714147515736,-29.434569252133453
123.71296834580507,-29.641346780501202
124.71182277384383,-29.847961954134938
125.71070109568554,-30.054461584493477
126.70959641337646,-30.260878986573545
127.70850382204625,-30.46723786980561
128.70741983320258,-30.673555107413044
129.70634196530972,-30.87984270742945
130.70526845290877,-31.086109215471264
131.70419803987497,-31.2923607130744
132.70312983242522,-31.498601528187702
133.70206319456557,-31.704834740806294
134.70099767373668,-31.911062542815703
135.69993294788077,-32.11728649407091
136.69886878779704,-32.32350770463967
137.69780503042,-32.52972696451018
138.69674155968417,-32.73594483587283
139.695678293114,-32.94216171883526
140.6946151717763,-33.14837789808411
141.69355215365795,-33.35459357620131
142.69248920927419,-33.56080889743977
143.69142631747172,-33.767023964421654
144.69017358770367,-33.974150737615794
145.6862542870935,-34.193704506528675
146.6794741281543,-34.42587800125875
147.67055976365995,-34.66700927709357
148.65812296538274,-34.92204332598365
149.63450586641295,-35.21687198884819
150.59981796427766,-35.546258338630594
151.55468493743274,-35.90472315467203
152.4869061465732,-36.318072257329135
153.38270255213632,-36.80534382986334
154.2342778256003,-37.36608183933566
155.0296954534047,-38.00412535112627
155.77780804036135,-38.69724774008186
156.4899328403752,-39.427399774257395
157.17532760957764,-40.182750625646136
157.83934872365336,-40.95695439582637
158.46354575173325,-41.763405670277976
159.02940556353758,-42.611843636085275
159.54839969520663,-43.489832917807064
160.03310453177676,-44.38725710037289
160.49296393883105,-45.297687341917204
160.93492893056973,-46.21694987364289
161.364055560348,-47.142281443516204
161.7839947087246,-48.0718217196733
162.1973702734815,-49.00430100126169
162.60606224318033,-49.93884331620768
163.01141481305208,-50.87483931857412
163.41438772515755,-51.81186249771733
163.815665556339,-52.749612945711704
164.20801607558357,-53.69110078977024
164.56216711639652,-54.647556132968475
164.88012501437967,-55.61668799198209
165.17204947744307,-56.59399882176785
165.44531941064554,-57.5766999165745
165.71350255933208,-58.56080561740181
165.99648428275708,-59.54075651984234
166.291283724843,-60.517221772550926
166.59446502179804,-61.49111940906873
166.8935597897372,-62.46625559367407
167.15310393606495,-63.452582758090195
167.3725564192404,-64.44864532165056
167.56322915718005,-65.45063997830061
167.73332421919437,-66.45634472657378
167.88873149938283,-67.46442984135504
168.03366598883923,-68.47407701788777
168.17113795436526,-69.4847689244731
168.3032946193285,-70.4961703927888
168.42810011093025,-71.50849305308937
168.5135717965364,-72.52475508528495
168.53770616648765,-73.54434407810267
168.51196487850328,-74.56391331292443
168.4269835333486,-75.58022534855488
168.29242313628313,-76.59123859286868
168.12278100043025,-77.59699591195681
167.9283003933413,-78.59826508026825
167.7162171878881,-79.59596333261541
167.4916477063537,-80.59093015168614
167.2582141177587,-81.58385709244267
167.01848382971625,-82.57528380822362
166.7742784446658,-83.56561834058412
166.52689142584325,-84.55516320209252
166.2772417722622,-85.5441398102155
166.0259827200262,-86.53270884022001
165.77357875017364,-87.52098620724087
165.5203602091318,-88.50905519725296
165.2665620852217,-89.49697548315898
165.01235155559888,-90.48478973492533
164.757847565295,-91.47252842179012
164.50313474802104,-92.46021327941602
164.2482733264828,-93.44785980243138
163.9933061546688,-94.43547903097605
163.7382637278384,-95.4230788285439
163.48316774703312,-96.4106647946203
163.2280336553334,-97.39824091581569
162.97287244256805,-98.38581003007945
162.71769192952556,-99.3733741574827
162.45441427638113,-100.35878159387369
162.1488037209441,-101.33179403995811
161.79856905933562,-102.28971075220552
161.4168980069733,-103.23557584065324
161.01311196796559,-104.17223116320359
160.59372513465672,-105.10201482004766
160.1633081692463,-106.02674862436753
159.72507910232608,-106.94780829448361
159.28130987941867,-107.86621270658792
158.83360791436735,-108.78270702185428
158.38311227665054,-109.69783166521323
157.93063110244165,-110.61197634717686
157.4767382343451,-111.52542099175997
157.02184140180134,-112.43836611497801
156.56623043709521,-113.35095507584037
156.110111432539,-114.26329023068047
155.6536309690227,-115.17544459088141
155.19689331784554,-116.08747020079002
154.73997266186194,-116.99940414119379
154.28292178222654,-117.91127282261766
153.82577823502632,-118.82309505123709
153.36856874419448,-119.7348842160968
152.91131232636528,-120.64664984835869
152.4540225139865,-121.558398732314
151.99670893704695,-122.47013569673217
151.53937844853453,-123.3818641783741
151.0820359252791,-124.2935866231965
150.62468483782604,-125.20530477195487
150.16732765596427,-126.1170198635019
149.7099661372989,-127.02873277950215
149.2526015326242,-127.94044414739824
148.79523473206575,-128.8521544137149
148.337866369077,-129.76386389622522
147.88049689445546,-130.6755728210727
147.42312662900974,-131.58728134919406
146.96575580104417,-132.49898959511654
146.50838457302686,-133.41069764035382
146.05763673053812,-134.32567488363216
145.63026421215378,-135.25179807579045
145.2218532172772,-136.1864483559736
144.84498132194813,-137.13414196312308
144.5282517967248,-138.10354498640362
144.2662016264974,-139.0891721877319
144.07546388126545,-140.09084887893326
143.98234973291565,-141.10617090558907
143.9744099208875,-142.12595407290502
144.00339473448116,-143.14553574136895
144.04151804286894,-144.16482085054946
144.0858572504036,-145.18385557327954
144.13425660854324,-146.2027063289993
144.1656193862953,-147.22215854272537
144.15052039650442,-148.2419659963664
144.09793153986377,-149.26057106262743
144.0310482315235,-150.27837575708529
143.95794311991807,-151.29573856753478
143.86235545847364,-152.31123071957362
143.74858237573906,-153.32485594368026
143.62189029795812,-154.3369523800587
143.4860171621886,-155.34785962940785
143.3436172388288,-156.35786939045997
143.1965761934119,-157.3672145456938
143.04623421051446,-158.37607362188504
142.89354410847332,-159.38458014257455
142.73918347867314,-160.39283240695372
142.58363427997185,-161.40090202858494
142.42723937038974,-162.40884081113433
142.2702426793008,-163.41668604592326
142.1128177655705,-164.42446448663813
141.95508812529366,-165.43219528156513
141.79714163576335,-166.43989211279177
141.63904083041862,-167.44756474512968
141.48083020891613,-168.45522014186128
141.32254143827873,-169.46286326557458
141.16419705375029,-170.4704976515232
141.00581309222892,-171.47812581741778
140.84740096622008,-172.4857495558878
140.68896879734606,-173.49337014315492
140.53052236531622,-174.50098848767232
140.37206578324012,-175.50860523605283
140.2136019781997,-176.51622084850985
140.05513303324207,-177.52383565261604
139.89669997635224,-178.53145609231092
139.75030514583602,-179.54086485158945
139.62947394814037,-180.55366204267162
139.52750076822923,-181.56854152782358
139.4389693827107,-182.58468694455553
139.36001330813568,-183.60162377969752
139.28787577920838,-184.61906834145353
139.22059264757294,-185.63684611295943
139.15676508265932,-186.65484677060277
139.0953971206628,-187.67299883054912
139.0357797533666,-188.69125498159542
138.9774083039885,-189.70958335815158
138.9199235651418,-190.72796219653458
138.8630698802595,-191.7463764712791
138.80666529817472,-192.76481572384492
138.7505803268014,-193.7832726300942
138.69472280984658,-194.80174203791387
138.6390271626705,-195.82022031124762
138.58344671116612,-196.83870487791378
138.5279482393118,-197.8571939152349
138.47250810873473,-198.8756861300446
138.41710949709378,-199.89418060410677
138.36174043272925,-200.91267668493174
138.30639239599134,-201.9311739086729
138.2510593238576,-202.94967194560505
138.1957369015852,-203.9681705610298
138.14722364982956,-204.98699898871502
138.1207829979061,-206.00663971707561
138.11139568509824,-207.02658815930423
138.11414584053816,-208.0465802183112
138.12553332578958,-209.06651450614785
138.14306704004287,-210.0863627075135
138.16497431566137,-211.1061268711537
138.18999378309417,-212.12581969649898
138.21722789563614,-213.14545591364373
138.24603797970283,-214.1650488879499
138.27596956058983,-215.1846095906942
138.30669923184,-216.2041465688562
138.33799685220657,-217.22366627927926
138.36969864745873,-218.24317350657148
138.4016880706999,-219.26267175171614
138.43075738647363,-220.28225044724613
138.4388495332169,-221.3021981203765
138.41797015800194,-222.32190495096907
138.35033749488545,-223.33958501326265
138.2464687349017,-224.35424445315383
138.11689511628214,-225.36596152712252
137.96908040916327,-226.37518446703282
137.8083142343736,-227.38243030333606
137.63834753091416,-228.388166960676
137.4618420336283,-229.39277794446448
137.28068780963008,-230.3965617061302
137.0962277130807,-231.39974354951863
136.90941622714323,-232.40249034384595
136.72093200875315,-233.40492414698622
136.53125771461322,-234.40713349447563
136.34073666871936,-235.40918223957706
136.14961311652633,-236.41111625226262
135.96024325585748,-237.41337904980844
135.78854477976293,-238.41880786907532
135.633389777221,-239.42693011171104
135.49003355479638,-240.43680171407445
135.36104069269246,-241.44858388254175
135.2601080328669,-242.4635505556641
135.18230799238495,-243.48055434806267
135.14809219974708,-244.49981323546544
135.1879567265494,-245.5188027732664
135.30458560433848,-246.53184640693541
135.49020129343717,-247.53467148284653
135.72488453493736,-248.52722887778387
136.0107495511795,-249.50616253742666
136.35561343369784,-250.46596871291806
136.74306968548763,-251.40944934298062
137.16728075598397,-252.33693438064446
137.63994531083398,-253.24069514528642
138.14982249948423,-254.12404657299746
138.70195189093644,-254.9814958928859
139.30170529457513,-255.80641474877064
139.94279559910805,-256.5995488884523
140.6369288313025,-257.34668110705366
141.372542846738,-258.0531022290364
142.1509592329746,-258.71195141983895
142.96586440214801,-259.3252347614581
143.81616933486572,-259.8881718841154
144.70465561693055,-260.38881342869564
145.62569136873017,-260.8264305357193
146.58382316225283,-261.17490639747257
147.57071206583586,-261.43158032426584
148.57511394136253,-261.6072925308803
149.59184997547962,-261.683349021808
150.6114914634171,-261.6703117892728
151.6254987462302,-261.56404022443337
152.62560700451607,-261.364939766827
153.60704094393336,-261.08825187529703
154.56335368528113,-260.7340683035715
155.49405685738722,-260.31722958596157
156.39531835747405,-259.83989924037286
157.27194431570692,-259.3186006397742
158.12052970449673,-258.75285369200697
158.9434524477896,-258.1502923978989
159.74424642624024,-257.51865122508036
160.50761547060912,-256.84239812963926
161.2323054638241,-256.12476565143413
161.9099376516515,-255.36268656848594
162.53861357446777,-254.55961489257777
163.13065479409232,-253.72909478791405
163.68586762985134,-252.87359439740658
164.19378715215765,-251.98921989891332
164.63894754817412,-251.0717326034816
165.01303504590533,-250.1231547815818
165.29250897837744,-249.14266598948575
165.4718641126341,-248.1390246981749
165.55498587693967,-247.12270751280857
165.55217736471585,-246.10307924894104
165.45875476112215,-245.0876495710559
165.27604550560878,-244.0845235860175
165.01272357542166,-243.09930466036343
164.69210949492867,-242.1311228744711
164.31133034232872,-241.185119220352
163.86760970601085,-240.26684762307164
163.37670461327644,-239.37288560151063
162.82493255869807,-238.5153812369674
162.2011114578388,-237.7087627623402
161.50359078566555,-236.96520724763423
160.7245230035161,-236.30786949362414
159.86575051593348,-235.7590081596337
158.9374751992114,-235.33851916594156
157.95769095269836,-235.0578780318472
156.9486576780193,-234.91451546843518
155.92926986581222,-234.8991689001134
154.91250992890295,-234.9771947980108
153.9028607820464,-235.12124401370497
152.90090199006255,-235.31189505897095
151.9075869065521,-235.54317814235165
150.93057215825186,-235.83558111365656
149.97599275194312,-236.19420184174263
149.05665749791228,-236.63529245774504
148.1819212321628,-237.1591683464162
147.35381140222904,-237.7542797696492
146.57869192532308,-238.41671239854352
145.86919369125158,-239.14894766284016
145.24327314362807,-239.95360654340612
144.70231845520019,-240.81796576166235
144.23419354544654,-241.7238448211492
143.83936951830518,-242.66411331735546
143.4999400850381,-243.6258725128829
143.20063474521368,-244.60091692298198
142.9301976336848,-245.5843856604117
142.68044837019914,-246.5733237086005
142.44548891644183,-247.56588628207476
142.22108688111635,-248.5608922325421
142.01342843342348,-249.55948238612137
141.84403686066454,-250.5652621888179
141.71692683393695,-251.57719785750191
141.63659789637038,-252.59396378019596
141.5938434677204,-253.61299850123356
141.59135824008501,-254.6329400239394
141.63561526798622,-255.6518533216183
141.7288728998794,-256.66749876874326
141.88098292488152,-257.6758585088064
142.10412492935504,-258.67098191031965
142.37958510273987,-259.6529957556567
142.69179958101824,-260.6239930895223
143.02989703505048,-261.5863061467427
143.38626460342294,-262.54201532440703
143.75555439785555,-263.49281175057644
144.13399850071855,-264.44000464916587
144.51893558680206,-265.3845789269655
144.90848223909816,-266.3272623045683
145.301303567501,-267.26858619511023
145.69645239703516,-268.20893561379006
146.09413194867307,-269.14821574534267
146.50738697436427,-270.080730037037
146.93700921647002,-271.00582776208836
147.37819703746385,-271.9254710196236
147.8275728032709,-272.84114375959274
148.2827535015554,-273.7539460785214
148.74205398698572,-274.664683043283
149.20428054824472,-275.57393876939176
149.66858651011287,-276.4821345931948
150.13437078096655,-277.38957321438807
150.60120632998786,-278.2964714932473
151.06878963505972,-279.2029844888911
151.5369048848717,-280.10922291878575
152.00539859387524,-281.01526576209835
152.47416158309179,-281.9211693190437
152.94311618017107,-282.8269737036003
153.41220712220704,-283.73270748714367
153.8813950877593,-284.63839101476987
154.35065209698018,-285.5440387712813
154.8199582396717,-286.449661067945
155.28929934757596,-287.3552652443463
155.75866533828102,-288.26085652450126
156.22973850298615,-289.16555687900814
156.7185114162662,-290.0607966915801
157.22518197442528,-290.946039652644
157.75633154124662,-291.8167789392634
158.31154552828448,-292.67240155050195
158.88362554316134,-293.5168543125627
159.4675696922517,-294.35315394936134
160.059885352581,-295.1835490398681
160.658121828741,-296.00969067595133
161.26055304847569,-296.8327793999165
161.86595986771107,-297.65368242952906
162.4734793916586,-298.4730233983761
163.0824999413452,-299.2912493848908
163.69258743648635,-300.108680204215
164.30343358428036,-300.92554428780807
164.9148193031373,-301.7420046212367
165.52658884346405,-302.5581774068367
166.138631447126,-303.37414544811224
166.7508683342092,-304.1899677268874
167.36324346183613,-305.00568624526227
167.97571695766976,-305.8213309080435
168.58826045191992,-306.63692300406285
169.2008537579733,-307.45247768713386
169.81348251140852,-308.26800574327825
170.42613649043255,-309.08351484920587
171.0388084211649,-309.8990104686423
171.65149312723312,-310.7144964899494
172.2641869250508,-311.5299756805096
172.87640854933503,-312.3458086543857
173.477356075982,-313.16996351219973
174.06504262341548,-314.0036354521962
174.64319950059507,-314.8439489151218
175.21452852759583,-315.68892177704487
175.78097546076717,-316.537176363473
176.34393647544954,-317.3877490344826
176.90441090975946,-318.2399625571789
177.4631128318229,-319.09333931972907
178.02055186308255,-319.9475416336214
178.57709140938076,-320.8023303010131
179.13299045893996,-321.65753566380624
179.6884335079033,-322.5130372722797
180.24355194756768,-323.3687495540924
180.79843933038532,-324.22461168552337
181.35316225715312,-325.0805804187983
181.90776813655123,-325.93662499559684
182.46229071315366,-326.79272353638
183.01675400440882,-327.6488604754462
183.57117510390256,-328.5050247379269
184.12556617708643,-329.3612084436553
184.6799358819024,-330.2174059853469
185.23429037997485,-331.0736133729013
185.78863405633092,-331.929827766937
186.34297003160475,-332.7860471468619
186.897300526625,-333.64227007477376
187.45162712187363,-334.49849552743586
188.00595094209703,-335.35472277666065
188.5602727877244,-336.21095130424027
189.1145932283792,-337.0671807413888
189.66891266944117,-337.92341082567333
190.22323139938922,-338.77964137031944
190.77754962356997,-339.63587224248744
191.33186748802666,-340.4921033475004
191.88618509674856,-341.34833461807017
192.4405025237764,-342.20456600636965
192.99481982168533,-343.0607974781825
193.54913702803148,-343.9170290093769
194.103454169406,-344.7732605825699
194.65777126481197,-345.6294921855143
195.21208832779138,-346.48572380952106
195.76640536787778,-347.34195544825
196.32072239199346,-348.19818709739843
196.87503940496228,-349.05441875374805
197.4293564102261,-349.9106504150219
197.98367341032753,-350.76688207974456
198.5379904069337,-351.623113746644
199.09230740134421,-352.47934541499166
199.64662806962747,-353.3355747046823
200.20967410622737,-354.18605488265985
200.8003890809241,-355.0174971335569
201.4524639951198,-355.78096147767997
202.22943177078582,-356.44003751877773
203.1042758800409,-356.96219827575055
204.05374272562767,-357.33162546137805
205.05164748960047,-357.5368592257121
206.06988108711565,-357.57248089378
207.08186108045345,-357.4526085308383
208.0638212374278,-357.1804685320686
208.9907461587475,-356.75739303132156
209.83744652171666,-356.19065567588115
210.57995345420997,-355.4930088957941
211.18627628676202,-354.69678620109755
211.65969337669236,-353.79454514284373
211.98598885138185,-352.82926174483487
212.15487394618302,-351.8244382373155
212.16879826966715,-350.8054985918142
212.02729443481599,-349.7963642125262
211.73935965709407,-348.81877885672196
211.32196365925455,-347.88885156797807
210.79485664594796,-347.01627774804575
210.1789676273924,-346.2036227052677
209.51862605249474,-345.42625741955925
208.86293757424625,-344.64499039560377
208.2453467602695,-343.8334139035097
207.69246076253407,-342.9766900941264
207.23164293617722,-342.06734101335957
206.87927418662358,-341.1107933171772
206.65177948986977,-340.11727898671063
206.5648201192465,-339.10185661359714
206.6182654889494,-338.0840732929047
206.81654043070398,-337.08447666358785
207.15629544019,-336.1235650927295
207.62699432692358,-335.21967090694966
208.22643948736732,-334.39562417896695
208.94603120217394,-333.6742155123887
209.77121257667818,-333.07654324852336
210.67996415813047,-332.61534158003417
211.64579225760184,-332.2900942583191
212.64517428425344,-332.0884674155979
213.65957058964963,-331.9857115804908
214.6792543536158,-331.9747580536053
215.697420153386,-332.03299674412864
216.70918774560565,-332.16085672228775
217.7122990568614,-332.34518368621553
218.70681521717904,-332.5714200298468
219.68852612629317,-332.8478571645951
220.65739268169648,-333.16657824893343
221.61600107388503,-333.51502049964586
222.56674947157435,-333.88440937703336
223.5116231645396,-334.26859532953046
224.4521746249301,-334.66325394905766
225.38957883434483,-335.0653354553131
226.32470729631967,-335.4726839914731
227.25819803172843,-335.8837728744639
228.1905140826656,-336.2975195196019
229.1219895180388,-336.71315549349623
230.05286437602217,-337.13013495581686
230.98331064222546,-337.5480699765934
231.91345129831768,-337.96668474856864
232.843374162025,-338.38578312728697
233.77314187946325,-338.8052255944268
234.70279910900948,-339.2249128962406
235.63237767041008,-339.6447744162955
236.56190022773166,-340.06475990929147
237.49138291974924,-340.48483362267024
238.42083723662742,-340.9049701154179
239.35027135787635,-341.3251512836049
240.2796911057232,-341.7453642441642
241.2091006242041,-342.1655998291664
242.13850286277463,-342.585851514421
243.0678999205116,-343.0061146570374
243.99729329136667,-343.4263859529723
244.92668403852727,-343.8466630509145
245.85607291864267,-344.2669442775686
246.78546047019572,-344.6872284421415
247.71484707639348,-345.10751469720526
248.64423300993002,-345.52780243968067
249.57361846491654,-345.94809124041115
250.50300357946696,-346.3683807939733
251.4310730180161,-346.7915500911295
252.35011108580323,-347.2339604257351
253.2607239152911,-347.6934851188154
254.16514517789847,-348.165090226362
255.06506174933415,-348.6452409255166
255.961722938491,-349.1314465830013
256.85604239622313,-349.6219476578491
257.7486827133308,-350.115498621457
258.640121677052,-350.6112164989564
259.5307024645736,-351.1084746598996
260.4206708954461,-351.6068280483011
261.31020271515354,-352.10596039043514
262.1994234017844,-352.60564683889476
263.0884224587059,-353.10572749717403
263.9772636856976,-353.6060886338633
264.86599253887283,-354.1066493419101
265.75464139389913,-354.6073520589826
266.6432333044966,-355.1081558285496
267.5317846837162,-355.60903150780496
268.42030721537924,-356.1099583592569
269.3088092160321,-356.6109216260799
270.1972966050012,-357.1119108070764
271.08577359532745,-357.61291842938925
271.9742431853331,-358.1139391750313
272.8627075089625,-358.6149692595688
273.7511680848513,-359.11600598981926
274.63962599378607,-359.6170474492116
275.5281006133711,-360.11805926116716
276.4227898939569,-360.60780785544637
277.33168618340017,-361.0706760572267
278.2517228951512,-361.51097452737633
279.1900243000434,-361.9106681095652
280.14528873012637,-362.268086031184
281.11148323303223,-362.59489832000014
282.08674001484786,-362.89346859761076
283.0727983530057,-363.15421212684515
284.0660421491403,-363.38619324940197
285.0638833596257,-363.59758584919905
286.06473380856,-363.7942713042901
287.06760778570197,-363.9803798267469
288.07390246702505,-364.14678396632735
289.0843239035192,-364.28608026172407
290.0972614185577,-364.40580817179506
291.1117564385382,-364.51158292875976
292.1272416575063,-364.6074156904043
293.14337163576164,-364.6961676126513
294.15993009471424,-364.7798778189889
295.17677809893337,-364.85999882868373
296.1938243652237,-364.93756497630835
297.2110077773163,-365.0133126573912
298.22828678980056,-365.08776607910926
299.24563282360765,-365.1612983677684
300.2630260402268,-365.23417509542804
301.28045257472206,-365.3065852746958
302.297902688322,-365.3786634254912
303.31540249605735,-365.4500300347702
304.3339436072524,-365.5039301267588
305.3535107681314,-365.53302081736035
306.37345652623287,-365.5361934475251
307.39304308519814,-365.50818867924534
308.4119520948293,-365.46108863249043
309.4309517459566,-365.4159425468125
310.4501067887594,-365.3744429346393
311.46936439198464,-365.33553865764407
312.4886909181792,-365.29848150330446
313.50806443498703,-365.2627389267702
314.527470350129,-365.227931904735
315.54689879353265,-365.1937906870632
316.56634300174886,-365.16012329721525
317.5857982935491,-365.1267931107522
318.6052614043776,-365.0937028967684
319.6247300448674,-365.0607834598474
320.6442026029357,-365.0279855565644
321.66367794002696,-364.9952741425895
322.683155250287,-364.9626242785112
323.7026339624561,-364.9300182161434
324.7222925235984,-364.90421044743886
325.7422590736813,-364.89756139706265
326.762223607206,-364.9053191743566
327.7820615853237,-364.92332852216873
328.80174614497724,-364.9486322424929
329.82128944410175,-364.9791261900399
330.84071597076985,-365.01331326872696
331.86005117045124,-365.05012828381734
332.87931721174726,-365.08881331661166
333.898531927033,-365.1288290655539
334.917709047919,-365.1697917753363
335.9368588737789,-365.21142836702313
336.95598900117955,-365.25354451476096
337.9751049714448,-365.2960019321665
338.9942107965359,-365.3387022106469
340.0133189465299,-365.3813440759072
341.0327478172368,-365.41523465729955
342.05266788099266,-365.4235830357216
343.0724428389901,-365.40331403807784
344.0916199162236,-365.36264860628
345.1101207159403,-365.3074783173491
346.1278056106881,-365.23903244129184
347.1437621584319,-365.1484943238706
348.15803244108605,-365.0406147695276
349.17092073260915,-364.92041370037714
350.18273350788627,-364.7914550096712
351.1937343384712,-364.65626991717824
352.2041337910172,-364.516656967434
353.2140933494614,-364.37389458626245
354.22373382140245,-364.2288917684444
355.2331441596058,-364.08229498450464
356.2423891759048,-363.934564080314
357.2515157574248,-363.7860261947338
358.2605576581123,-363.6369140795724
359.2695390947804,-363.48739334375983
360.27847740047946,-363.3375818281509
361.287384960483,-363.1875633866715
362.2962706141946,-363.0373976901359
363.3051406650506,-362.88712720131997
364.3141598398592,-362.73787188219785
365.32571190396067,-362.60706433521676
366.34084066164814,-362.50838787096865
367.3593203405551,-362.4538571452857
368.3791297186658,-362.44062025981685
369.39848690129475,-362.47482036579163
370.4161093703059,-362.5439072108711
371.43176325958797,-362.63777360421705
372.4448343794836,-362.75614403184767
373.4545716858035,-362.9003327888049
374.46151685555174,-363.062939928144
375.4662685028367,-363.2386209608367
376.4693547831476,-363.42358770656546
377.47120314795126,-363.6151528697442
378.4723552096586,-363.81032773156954
379.4760915510702,-363.99165885885793
380.48400648555145,-364.14780707856727
381.49714331905113,-364.2655119232021
382.51326601836774,-364.35408039581176
383.53099836727836,-364.4218698021936
384.5496202089759,-364.4747410044972
385.56912243368237,-364.5053816302116
386.5890862337371,-364.5088170838165
387.608380185151,-364.4730915123738
388.6257008852561,-364.39977400132585
389.6407645151418,-364.2997553231783
390.65379118251235,-364.1807777730517
391.6651505807017,-364.0483339198324
392.6752134202835,-363.9063212654132
393.6842979044886,-363.75750683226494
394.69265798132557,-363.6038560805805
395.7004882821491,-363.4467657411991
396.7079343541311,-363.28722874719335
397.7151033377362,-363.1259511717488
398.7220732824406,-362.9634352087877
399.7289006449189,-362.8000380991481
400.7356260646992,-362.63601399880196
401.7422786968972,-362.4715437398184
402.7488794082348,-362.30675599194564
403.7554431085094,-362.1417423131276
404.76198043865895,-361.97656785553687
405.7684989866886,-361.81127898214896
406.7750041603903,-361.6459086858622
407.7814998121627,-361.4804804453996
408.7879886855609,-361.31501096904907
409.79447273404696,-361.14951214708435
410.80095334831344,-360.98399244112574
411.80743151830495,-360.81845787283623
412.81390794864564,-360.65291272750625
413.8203831408395,-360.4873600547504
414.82685745182334,-360.3218020248165
415.8333311356291,-360.156240182158
416.83980437305485,-359.99067562588124
417.8462772927723,-359.82510913816253
418.85274998630825,-359.6595412756452
419.85922251884864,-359.49397243445446
420.8656949367683,-359.32840289649505
421.87216727306753,-359.16283286238576
422.8786395512346,-358.9972624748951
423.8851117879823,-358.8316918356254
424.8915839952256,-358.66612101687736
425.89805618141264,-358.50055007010974
426.9045283525633,-358.33497903194245
427.9110005129647,-358.1694079284342
428.91747266566864,-358.0038367781303
429.9239448128456,-357.83826559422937
430.93041695604086,-357.6726943861217
431.93688909635307,-357.5071231604915
432.943361234565,-357.3415519220957
433.9498333712341,-357.17598067431925
434.95630550675605,-357.0104094195715
435.96277764141297,-356.84483815956565
436.9692497754058,-356.6792668955225
437.97572190887735,-356.51369562830996
438.98219404196357,-356.3481243585402
439.9886661747389,-356.18255308665294
440.9951383071474,-356.01698181297866
442.0016104392255,-355.8514105377397
443.00808257103165,-355.6858392610892
444.014554702725,-355.5202679831172
445.0210268343011,-355.35469670390677
446.0274989656133,-355.18912542354053
